{"cameraMode":{"drawMode":0,"name":"Shaded","section":"Shading Mode"},"sceneLighting":true,"audioPlay":false,"sceneViewState":{"showFog":true,"showMaterialUpdate":false,"showSkybox":true,"showFlares":true,"showImageEffects":true,"showParticleSystems":true,"showVisualEffectGraphs":true,"m_FxEnabled":true},"in2DMode":false,"pivot":{"x":147.21868896484376,"y":224.69384765625,"z":2.5263519287109377},"rotation":{"x":0.08119180053472519,"y":0.02690090611577034,"z":-0.002197722438722849,"w":0.9963410496711731},"size":193.65589904785157,"orthographic":false}